Model,CV RMSE (Train),Test RMSE,Test R²
XGBoost,19.322628168692052,19.546646157231397,0.6663491836733566
CatBoost,19.610410635738056,19.99554746407207,0.6508481979115319
