{
    "RandomForest": {
        "Train": {
            "R2": 0.8708366109293757,
            "RMSE": 11.8502917687926,
            "MAE": 7.433709995479368
        },
        "Val": {
            "R2": 0.649251878986933,
            "RMSE": 20.18173238412401,
            "MAE": 12.850144537918352
        },
        "Test": {
            "R2": 0.6502475498521312,
            "RMSE": 19.871381737884477,
            "MAE": 13.090729207822024
        }
    },
    "CatBoost": {
        "Train": {
            "R2": 0.7049518919363895,
            "RMSE": 17.91041894172517,
            "MAE": 12.95280365929246
        },
        "Val": {
            "R2": 0.6468478438281333,
            "RMSE": 20.25077729106339,
            "MAE": 14.066519651872046
        },
        "Test": {
            "R2": 0.6616213074600807,
            "RMSE": 19.54560814325262,
            "MAE": 13.888721005855569
        }
    },
    "XGBoost": {
        "Train": {
            "R2": 0.6354398666704884,
            "RMSE": 19.908746405305816,
            "MAE": 14.913101053789173
        },
        "Val": {
            "R2": 0.5775576868898344,
            "RMSE": 22.14850781824885,
            "MAE": 15.955234713692194
        },
        "Test": {
            "R2": 0.6076264777901516,
            "RMSE": 21.047355189114835,
            "MAE": 15.379238885427487
        }
    },
    "LightGBM": {
        "Train": {
            "R2": 0.673784575372995,
            "RMSE": 18.83265599776259,
            "MAE": 13.246271292437505
        },
        "Val": {
            "R2": 0.6354038016135202,
            "RMSE": 20.576278734833043,
            "MAE": 14.295370919470951
        },
        "Test": {
            "R2": 0.6346103871082462,
            "RMSE": 20.310741661784782,
            "MAE": 14.268870796934623
        }
    },
    "MLPRegressor": {
        "Train": {
            "R2": 0.7546866341496885,
            "RMSE": 16.331269028740234,
            "MAE": 11.116650047427388
        },
        "Val": {
            "R2": 0.6708323901822184,
            "RMSE": 19.55101520166684,
            "MAE": 13.285356791111658
        },
        "Test": {
            "R2": 0.6612390470208442,
            "RMSE": 19.556645191389308,
            "MAE": 13.65866425073962
        }
    }
}