{
    "RandomForest": {
        "Train": {
            "R2": 0.8708366109293757,
            "RMSE": 11.8502917687926,
            "MAE": 7.433709995479368
        },
        "Val": {
            "R2": 0.649251878986933,
            "RMSE": 20.181732384124015,
            "MAE": 12.850144537918352
        },
        "Test": {
            "R2": 0.6502475498521312,
            "RMSE": 19.871381737884477,
            "MAE": 13.090729207822024
        }
    },
    "CatBoost": {
        "Train": {
            "R2": 0.6820391278205087,
            "RMSE": 18.592858633505667,
            "MAE": 13.511786686652902
        },
        "Val": {
            "R2": 0.6358304990305433,
            "RMSE": 20.564234704536606,
            "MAE": 14.439488330566109
        },
        "Test": {
            "R2": 0.6503222934188413,
            "RMSE": 19.869258325588344,
            "MAE": 14.162630307360459
        }
    },
    "XGBoost": {
        "Train": {
            "R2": 0.7381668140875126,
            "RMSE": 16.87219835691163,
            "MAE": 12.051175155469677
        },
        "Val": {
            "R2": 0.6527942206424932,
            "RMSE": 20.07956218404294,
            "MAE": 13.831709757861834
        },
        "Test": {
            "R2": 0.6722791897699293,
            "RMSE": 19.235332309855306,
            "MAE": 13.59193971376658
        }
    },
    "LightGBM": {
        "Train": {
            "R2": 0.673784575372995,
            "RMSE": 18.83265599776259,
            "MAE": 13.246271292437505
        },
        "Val": {
            "R2": 0.6354038016135202,
            "RMSE": 20.576278734833043,
            "MAE": 14.295370919470951
        },
        "Test": {
            "R2": 0.6346103871082462,
            "RMSE": 20.310741661784782,
            "MAE": 14.268870796934623
        }
    },
    "MLPRegressor": {
        "Train": {
            "R2": 0.7546866341496885,
            "RMSE": 16.331269028740234,
            "MAE": 11.116650047427388
        },
        "Val": {
            "R2": 0.6708323901822184,
            "RMSE": 19.55101520166684,
            "MAE": 13.285356791111658
        },
        "Test": {
            "R2": 0.6612390470208442,
            "RMSE": 19.556645191389308,
            "MAE": 13.65866425073962
        }
    }
}