{
    "Train": {
        "R2": 0.8091659943694671,
        "RMSE": 14.40413591320921,
        "MAE": 9.964048741169055
    },
    "Val": {
        "R2": 0.6849161387804074,
        "RMSE": 19.128188630914693,
        "MAE": 12.926369617704324
    },
    "Test": {
        "R2": 0.6875009439768297,
        "RMSE": 18.783306209744392,
        "MAE": 12.97302004907734
    }
}