{
    "Train": {
        "R2": 0.7465237925147797,
        "RMSE": 16.600758348442472,
        "MAE": 11.710534794094759
    },
    "Val": {
        "R2": 0.6716249684101059,
        "RMSE": 19.527463297549073,
        "MAE": 13.486703484377946
    },
    "Test": {
        "R2": 0.6805250277681757,
        "RMSE": 18.991798951568924,
        "MAE": 13.341629476892935
    }
}